learning evaluation instances,evaluation time (cpu seconds),model cost (RAM-Hours),learned instances,detected changes,detected warnings,prediction error (average),true changes,delay detection (average),true changes detected,input values,model training instances,model serialized size (bytes)
10.0,0.0,0.0,10.0,0.0,0.0,0.12361111111111112,0.0,?,0.0,0.2,10.0,-1.0
20.0,0.0,0.0,20.0,0.0,0.0,0.2558889019047688,0.0,?,0.0,0.2,20.0,-1.0
30.0,0.0,0.0,30.0,0.0,0.0,0.2550990266470859,0.0,?,0.0,0.2,30.0,-1.0
40.0,0.0,0.0,40.0,0.0,0.0,0.30273463078929164,0.0,?,0.0,0.2,40.0,-1.0
50.0,0.0,0.0,50.0,0.0,0.0,0.32416256821631095,0.0,?,0.0,0.2,50.0,-1.0
60.0,0.0,0.0,60.0,0.0,0.0,0.35422530727577595,0.0,?,0.0,0.2,60.0,-1.0
70.0,0.0,0.0,70.0,0.0,0.0,0.3567409402977171,0.0,?,0.0,0.2,70.0,-1.0
80.0,0.0,0.0,80.0,0.0,0.0,0.3572160435043762,0.0,?,0.0,0.2,80.0,-1.0
90.0,0.0,0.0,90.0,0.0,0.0,0.35678696552486655,0.0,?,0.0,0.2,90.0,-1.0
100.0,0.0,0.0,100.0,0.0,0.0,0.3513063729666895,0.0,?,0.0,0.2,100.0,-1.0
110.0,0.0,0.0,110.0,0.0,0.0,0.345444189575786,0.0,?,0.0,0.2,110.0,-1.0
120.0,0.0,0.0,120.0,0.0,0.0,0.3446700267663693,0.0,?,0.0,0.2,120.0,-1.0
130.0,0.0,0.0,130.0,0.0,0.0,0.33963280017024594,0.0,?,0.0,0.2,130.0,-1.0
140.0,0.0,0.0,140.0,0.0,0.0,0.3388915232425276,0.0,?,0.0,0.2,140.0,-1.0
150.0,0.0,0.0,150.0,0.0,0.0,0.3422185230301833,0.0,?,0.0,0.2,150.0,-1.0
160.0,0.0,0.0,160.0,0.0,0.0,0.34512030605348354,0.0,?,0.0,0.2,160.0,-1.0
170.0,0.0,0.0,170.0,0.0,0.0,0.3540964533879855,0.0,?,0.0,0.2,170.0,-1.0
180.0,0.0,0.0,180.0,0.0,0.0,0.3593652619794741,0.0,?,0.0,0.2,180.0,-1.0
190.0,0.0,0.0,190.0,0.0,0.0,0.35610637120421423,0.0,?,0.0,0.2,190.0,-1.0
200.0,0.0,0.0,200.0,0.0,0.0,0.35556240103022696,0.0,?,0.0,0.2,200.0,-1.0
210.0,0.0,0.0,210.0,0.0,0.0,0.36011273686736384,0.0,?,0.0,0.2,210.0,-1.0
220.0,0.0,0.0,220.0,0.0,0.0,0.36197341688614465,0.0,?,0.0,0.2,220.0,-1.0
230.0,0.0,0.0,230.0,0.0,0.0,0.3614479140473433,0.0,?,0.0,0.2,230.0,-1.0
240.0,0.0,0.0,240.0,0.0,0.0,0.3630581154685479,0.0,?,0.0,0.2,240.0,-1.0
250.0,0.0,0.0,250.0,0.0,0.0,0.3645808950329402,0.0,?,0.0,0.2,250.0,-1.0
260.0,0.0,0.0,260.0,0.0,0.0,0.3640617829613773,0.0,?,0.0,0.2,260.0,-1.0
270.0,0.0,0.0,270.0,0.0,0.0,0.36160880656888267,0.0,?,0.0,0.2,270.0,-1.0
280.0,0.0,0.0,280.0,0.0,0.0,0.3629440836603724,0.0,?,0.0,0.2,280.0,-1.0
290.0,0.0,0.0,290.0,0.0,0.0,0.3642003554700638,0.0,?,0.0,0.2,290.0,-1.0
300.0,0.0,0.0,300.0,0.0,0.0,0.3619730886575758,0.0,?,0.0,0.2,300.0,-1.0
310.0,0.0,0.0,310.0,0.0,0.0,0.3631330620228911,0.0,?,0.0,0.2,310.0,-1.0
320.0,0.0,0.0,320.0,0.0,0.0,0.3609887698906335,0.0,?,0.0,0.2,320.0,-1.0
330.0,0.0,0.0,330.0,0.0,0.0,0.3620454797844326,0.0,?,0.0,0.2,330.0,-1.0
340.0,0.0,0.0,340.0,0.0,0.0,0.36001682456474676,0.0,?,0.0,0.2,340.0,-1.0
350.0,0.0,0.0,350.0,0.0,0.0,0.35799732337765655,0.0,?,0.0,0.2,350.0,-1.0
360.0,0.0,0.0,360.0,0.0,0.0,0.3544787003268708,0.0,?,0.0,0.2,360.0,-1.0
370.0,0.0,0.0,370.0,0.0,0.0,0.35250462078480665,0.0,?,0.0,0.2,370.0,-1.0
380.0,0.0,0.0,380.0,0.0,0.0,0.3490608643636402,0.0,?,0.0,0.2,380.0,-1.0
390.0,0.0,0.0,390.0,0.0,0.0,0.3486065525316852,0.0,?,0.0,0.2,390.0,-1.0
400.0,0.0,0.0,400.0,0.0,0.0,0.34672744762563623,0.0,?,0.0,0.2,400.0,-1.0
410.0,0.0,0.0,410.0,0.0,0.0,0.34768830608508583,0.0,?,0.0,0.2,410.0,-1.0
420.0,0.0,0.0,420.0,0.0,0.0,0.3499711784220421,0.0,?,0.0,0.2,420.0,-1.0
430.0,0.0,0.0,430.0,0.0,0.0,0.34692746038820016,0.0,?,0.0,0.2,430.0,-1.0
440.0,0.0,0.0,440.0,0.0,0.0,0.34784746642793085,0.0,?,0.0,0.2,440.0,-1.0
450.0,0.0,0.0,450.0,0.0,0.0,0.34747372818411104,0.0,?,0.0,0.2,450.0,-1.0
460.0,0.0,0.0,460.0,0.0,0.0,0.34460756396833003,0.0,?,0.0,0.2,460.0,-1.0
470.0,0.0,0.0,470.0,0.0,0.0,0.3467166135305564,0.0,?,0.0,0.2,470.0,-1.0
480.0,0.0,0.0,480.0,0.0,0.0,0.3475712209326235,0.0,?,0.0,0.2,480.0,-1.0
490.0,0.0,0.0,490.0,0.0,0.0,0.34725219085138787,0.0,?,0.0,0.2,490.0,-1.0
500.0,0.0,0.0,500.0,0.0,0.0,0.3446348966885202,0.0,?,0.0,0.2,500.0,-1.0
510.0,0.0,0.0,510.0,0.0,0.0,0.3431881730914813,0.0,?,0.0,0.2,510.0,-1.0
520.0,0.0,0.0,520.0,0.0,0.0,0.34062530589686335,0.0,?,0.0,0.2,520.0,-1.0
530.0,0.0,0.0,530.0,0.0,0.0,0.34031977779652367,0.0,?,0.0,0.2,530.0,-1.0
540.0,0.0,0.0,540.0,0.0,0.0,0.34112252556093864,0.0,?,0.0,0.2,540.0,-1.0
550.0,0.0,0.0,550.0,0.0,0.0,0.3397633862431547,0.0,?,0.0,0.2,550.0,-1.0
560.0,0.0,0.0,560.0,0.0,0.0,0.3394985441042204,0.0,?,0.0,0.2,560.0,-1.0
570.0,0.0,0.0,570.0,0.0,0.0,0.33923601690210936,0.0,?,0.0,0.2,570.0,-1.0
580.0,0.0,0.0,580.0,0.0,0.0,0.33795166131085624,0.0,?,0.0,0.2,580.0,-1.0
590.0,0.0,0.0,590.0,0.0,0.0,0.34070631190487854,0.0,?,0.0,0.2,590.0,-1.0
600.0,0.0,0.0,600.0,0.0,0.0,0.3404665983540742,0.0,?,0.0,0.2,600.0,-1.0
610.0,0.0,0.0,610.0,0.0,0.0,0.3402283018847159,0.0,?,0.0,0.2,610.0,-1.0
620.0,0.0,0.0,620.0,0.0,0.0,0.33999765284654454,0.0,?,0.0,0.2,620.0,-1.0
630.0,0.0,0.0,630.0,0.0,0.0,0.341633468937258,0.0,?,0.0,0.2,630.0,-1.0
640.0,0.0,0.0,640.0,0.0,0.0,0.3423234776772148,0.0,?,0.0,0.2,640.0,-1.0
650.0,0.0,0.0,650.0,0.0,0.0,0.34211821521445923,0.0,?,0.0,0.2,650.0,-1.0
660.0,0.0,0.0,660.0,0.0,0.0,0.3427772544284448,0.0,?,0.0,0.2,660.0,-1.0
670.0,0.0,0.0,670.0,0.0,0.0,0.34256539440673583,0.0,?,0.0,0.2,670.0,-1.0
680.0,0.0,0.0,680.0,0.0,0.0,0.3423753137479991,0.0,?,0.0,0.2,680.0,-1.0
690.0,0.0,0.0,690.0,0.0,0.0,0.3430165235295556,0.0,?,0.0,0.2,690.0,-1.0
700.0,0.0,0.0,700.0,0.0,0.0,0.3444524112600192,0.0,?,0.0,0.2,700.0,-1.0
710.0,0.0,0.0,710.0,0.0,0.0,0.34505749972158517,0.0,?,0.0,0.2,710.0,-1.0
720.0,0.0,0.0,720.0,0.0,0.0,0.34408479932495334,0.0,?,0.0,0.2,720.0,-1.0
730.0,0.0,0.0,730.0,0.0,0.0,0.34312932074808605,0.0,?,0.0,0.2,730.0,-1.0
740.0,0.0,0.0,740.0,0.0,0.0,0.34295739239314554,0.0,?,0.0,0.2,740.0,-1.0
750.0,0.0,0.0,750.0,0.0,0.0,0.34277597465718496,0.0,?,0.0,0.2,750.0,-1.0
760.0,0.0,0.0,760.0,0.0,0.0,0.3441063948829895,0.0,?,0.0,0.2,760.0,-1.0
770.0,0.0,0.0,770.0,0.0,0.0,0.3439454357869777,0.0,?,0.0,0.2,770.0,-1.0
780.0,0.0,0.0,780.0,0.0,0.0,0.34377827523997395,0.0,?,0.0,0.2,780.0,-1.0
790.0,0.0,0.0,790.0,0.0,0.0,0.3443365996810714,0.0,?,0.0,0.2,790.0,-1.0
800.0,0.0,0.0,800.0,0.0,0.0,0.34275426539326,0.0,?,0.0,0.2,800.0,-1.0
810.0,0.0,0.0,810.0,0.0,0.0,0.34259462017201325,0.0,?,0.0,0.2,810.0,-1.0
820.0,0.0,0.0,820.0,0.0,0.0,0.34243484306653754,0.0,?,0.0,0.2,820.0,-1.0
830.0,0.0,0.0,830.0,0.0,0.0,0.34089560599690627,0.0,?,0.0,0.2,830.0,-1.0
840.0,0.0,0.0,840.0,0.0,0.0,0.3400571322137806,0.0,?,0.0,0.2,840.0,-1.0
850.0,0.0,0.0,850.0,0.0,0.0,0.33922499169251746,0.0,?,0.0,0.2,850.0,-1.0
860.0,0.0,0.0,860.0,0.0,0.0,0.33839531815221674,0.0,?,0.0,0.2,860.0,-1.0
870.0,0.0,0.0,870.0,0.0,0.0,0.3402588465972251,0.0,?,0.0,0.2,870.0,-1.0
880.0,0.0,0.0,880.0,0.0,0.0,0.3401202094954168,0.0,?,0.0,0.2,880.0,-1.0
890.0,0.0,0.0,890.0,0.0,0.0,0.34062512115338023,0.0,?,0.0,0.2,890.0,-1.0
900.0,0.0,0.0,900.0,0.0,0.0,0.3392005237770708,0.0,?,0.0,0.2,900.0,-1.0
910.0,0.0,0.0,910.0,0.0,0.0,0.33906507114742185,0.0,?,0.0,0.2,910.0,-1.0
920.0,0.0,0.0,920.0,0.0,0.0,0.33892761545932615,0.0,?,0.0,0.2,920.0,-1.0
930.0,0.0,0.0,930.0,0.0,0.0,0.3387997707676755,0.0,?,0.0,0.2,930.0,-1.0
940.0,0.0,0.0,940.0,0.0,0.0,0.3380478292653744,0.0,?,0.0,0.2,940.0,-1.0
950.0,0.0,0.0,950.0,0.0,0.0,0.33791657635390626,0.0,?,0.0,0.2,950.0,-1.0
960.0,0.0,0.0,960.0,0.0,0.0,0.3383924590621872,0.0,?,0.0,0.2,960.0,-1.0
970.0,0.0,0.0,970.0,0.0,0.0,0.3388698655226361,0.0,?,0.0,0.2,970.0,-1.0
980.0,0.0,0.0,980.0,0.0,0.0,0.33815591039582926,0.0,?,0.0,0.2,980.0,-1.0
990.0,0.0,0.0,990.0,0.0,0.0,0.3380398812998945,0.0,?,0.0,0.2,990.0,-1.0
1000.0,0.0,0.0,1000.0,0.0,0.0,0.33792608650806494,1.0,0.0,0.0,0.2,1000.0,-1.0
1010.0,0.0,0.0,1010.0,0.0,0.0,0.3372293055869682,1.0,0.0,0.0,0.201,1010.0,-1.0
1020.0,0.0,0.0,1020.0,0.0,0.0,0.3371152436894182,1.0,0.0,0.0,0.202,1020.0,-1.0
1030.0,0.0,0.0,1030.0,0.0,0.0,0.33586080375018545,1.0,0.0,0.0,0.203,1030.0,-1.0
1040.0,0.0,0.0,1040.0,0.0,0.0,0.33631241893638736,1.0,0.0,0.0,0.20400000000000001,1040.0,-1.0
1050.0,0.0,0.0,1050.0,0.0,0.0,0.3362006835700046,1.0,0.0,0.0,0.20500000000000002,1050.0,-1.0
1060.0,0.0,0.0,1060.0,0.0,0.0,0.3355353442148386,1.0,0.0,0.0,0.20600000000000002,1060.0,-1.0
1070.0,0.0,0.0,1070.0,0.0,0.0,0.335426886560824,1.0,0.0,0.0,0.20700000000000002,1070.0,-1.0
1080.0,0.0,0.0,1080.0,0.0,0.0,0.3358703638325116,1.0,0.0,0.0,0.20800000000000002,1080.0,-1.0
1090.0,0.0,0.0,1090.0,0.0,0.0,0.3352259177284771,1.0,0.0,0.0,0.20900000000000002,1090.0,-1.0
1100.0,0.0,0.0,1100.0,0.0,0.0,0.3351242001332982,1.0,0.0,0.0,0.21000000000000002,1100.0,-1.0
1110.0,0.0,0.0,1110.0,0.0,0.0,0.33608626224655724,1.0,0.0,0.0,0.21100000000000002,1110.0,-1.0
1120.0,0.0,0.0,1120.0,0.0,0.0,0.3354608026086458,1.0,0.0,0.0,0.21200000000000002,1120.0,-1.0
1130.0,0.0,0.0,1130.0,0.0,0.0,0.3364045804771653,1.0,0.0,0.0,0.21300000000000002,1130.0,-1.0
1140.0,0.0,0.0,1140.0,0.0,0.0,0.3352784217719649,1.0,0.0,0.0,0.21400000000000002,1140.0,-1.0
1150.0,0.0,0.0,1150.0,0.0,0.0,0.33467018121637643,1.0,0.0,0.0,0.21500000000000002,1150.0,-1.0
1160.0,0.0,0.0,1160.0,0.0,0.0,0.33406781504813265,1.0,0.0,0.0,0.21600000000000003,1160.0,-1.0
1170.0,0.0,0.0,1170.0,0.0,0.0,0.3349829426913893,1.0,0.0,0.0,0.21700000000000003,1170.0,-1.0
1180.0,0.0,0.0,1180.0,0.0,0.0,0.3343936363775536,1.0,0.0,0.0,0.21800000000000003,1180.0,-1.0
1190.0,0.0,0.0,1190.0,0.0,0.0,0.334303616088509,1.0,0.0,0.0,0.219,1190.0,-1.0
1200.0,0.0,0.0,1200.0,0.0,0.0,0.33372263452558615,1.0,0.0,0.0,0.22,1200.0,-1.0
1210.0,0.0,0.0,1210.0,0.0,0.0,0.33314464371809555,1.0,0.0,0.0,0.221,1210.0,-1.0
1220.0,0.0,0.0,1220.0,0.0,0.0,0.33305862413572546,1.0,0.0,0.0,0.222,1220.0,-1.0
1230.0,0.0,0.0,1230.0,0.0,0.0,0.3329738303176862,1.0,0.0,0.0,0.223,1230.0,-1.0
1240.0,0.0,0.0,1240.0,0.0,0.0,0.3338454462969071,1.0,0.0,0.0,0.224,1240.0,-1.0
1250.0,0.0,0.0,1250.0,0.0,0.0,0.33376270778488326,1.0,0.0,0.0,0.225,1250.0,-1.0
1260.0,0.0,0.0,1260.0,0.0,0.0,0.3341485460360126,1.0,0.0,0.0,0.226,1260.0,-1.0
1270.0,0.0,0.0,1270.0,0.0,0.0,0.3336034225451865,1.0,0.0,0.0,0.227,1270.0,-1.0
1280.0,0.0,0.0,1280.0,0.0,0.0,0.33352387116816373,1.0,0.0,0.0,0.228,1280.0,-1.0
1290.0,0.0,0.0,1290.0,0.0,0.0,0.3334467673067967,1.0,0.0,0.0,0.229,1290.0,-1.0
1300.0,0.0,0.0,1300.0,0.0,0.0,0.33291469470556634,1.0,0.0,0.0,0.23,1300.0,-1.0
1310.0,0.0,0.0,1310.0,0.0,0.0,0.33238512389869723,1.0,0.0,0.0,0.231,1310.0,-1.0
1320.0,0.0,0.0,1320.0,0.0,0.0,0.3314058428576963,1.0,0.0,0.0,0.232,1320.0,-1.0
1330.0,0.0,0.0,1330.0,0.0,0.0,0.33088121934650383,1.0,0.0,0.0,0.233,1330.0,-1.0
1340.0,0.0,0.0,1340.0,0.0,0.0,0.33170245158980105,1.0,0.0,0.0,0.234,1340.0,-1.0
1350.0,0.0,0.0,1350.0,0.0,0.0,0.3307439638976537,1.0,0.0,0.0,0.23500000000000001,1350.0,-1.0
1360.0,0.0,0.0,1360.0,0.0,0.0,0.33067104847757073,1.0,0.0,0.0,0.23600000000000002,1360.0,-1.0
1370.0,0.0,0.0,1370.0,0.0,0.0,0.3310385921431002,1.0,0.0,0.0,0.23700000000000002,1370.0,-1.0
1380.0,0.0,0.0,1380.0,0.0,0.0,0.3309683055098666,1.0,0.0,0.0,0.23800000000000002,1380.0,-1.0
1390.0,0.0,0.0,1390.0,0.0,0.0,0.330469897323399,1.0,0.0,0.0,0.23900000000000002,1390.0,-1.0
1400.0,0.0,0.0,1400.0,0.0,0.0,0.3304011605931597,1.0,0.0,0.0,0.24000000000000002,1400.0,-1.0
1410.0,0.0,0.0,1410.0,0.0,0.0,0.33075968842043985,1.0,0.0,0.0,0.24100000000000002,1410.0,-1.0
1420.0,0.0,0.0,1420.0,0.0,0.0,0.3302727295840247,1.0,0.0,0.0,0.24200000000000002,1420.0,-1.0
1430.0,0.0,0.0,1430.0,0.0,0.0,0.32978681520681574,1.0,0.0,0.0,0.24300000000000002,1430.0,-1.0
1440.0,0.0,0.0,1440.0,0.0,0.0,0.3301409303999569,1.0,0.0,0.0,0.24400000000000002,1440.0,-1.0
1450.0,0.0,0.0,1450.0,0.0,0.0,0.3300777693609408,1.0,0.0,0.0,0.24500000000000002,1450.0,-1.0
1460.0,0.0,0.0,1460.0,0.0,0.0,0.3300151472338718,1.0,0.0,0.0,0.246,1460.0,-1.0
1470.0,0.0,0.0,1470.0,0.0,0.0,0.33117224982302973,1.0,0.0,0.0,0.247,1470.0,-1.0
1480.0,0.0,0.0,1480.0,0.0,0.0,0.33191461734392547,1.0,0.0,0.0,0.248,1480.0,-1.0
1490.0,0.0,0.0,1490.0,0.0,0.0,0.3326474501849332,1.0,0.0,0.0,0.249,1490.0,-1.0
1500.0,0.0,0.0,1500.0,0.0,0.0,0.33376307437081726,1.0,0.0,0.0,0.25,1500.0,-1.0
1510.0,0.0,0.0,1510.0,0.0,0.0,0.33563336847983866,1.0,0.0,0.0,0.251,1510.0,-1.0
1520.0,0.0,0.0,1520.0,0.0,0.0,0.3363375844796855,1.0,0.0,0.0,0.252,1520.0,-1.0
1530.0,0.0,0.0,1530.0,0.0,0.0,0.3359032738701314,1.0,0.0,0.0,0.253,1530.0,-1.0
1540.0,0.0,0.0,1540.0,0.0,0.0,0.3354703126167636,1.0,0.0,0.0,0.254,1540.0,-1.0
1550.0,0.015625,-4.042198674546348E-15,1550.0,0.0,0.0,0.3350394529058194,1.0,0.0,0.0,0.255,1550.0,-1.0
1560.0,0.015625,-4.042198674546348E-15,1560.0,0.0,0.0,0.33423608750450995,1.0,0.0,0.0,0.256,1560.0,-1.0
1570.0,0.015625,-4.042198674546348E-15,1570.0,0.0,0.0,0.3334344180588689,1.0,0.0,0.0,0.257,1570.0,-1.0
1580.0,0.015625,-4.042198674546348E-15,1580.0,0.0,0.0,0.33263452013533273,1.0,0.0,0.0,0.258,1580.0,-1.0
1590.0,0.015625,-4.042198674546348E-15,1590.0,0.0,0.0,0.3325778750449495,1.0,0.0,0.0,0.259,1590.0,-1.0
1600.0,0.015625,-4.042198674546348E-15,1600.0,0.0,0.0,0.3332592085816515,1.0,0.0,0.0,0.26,1600.0,-1.0
1610.0,0.015625,-4.042198674546348E-15,1610.0,0.0,0.0,0.33356972857404804,1.0,0.0,0.0,0.261,1610.0,-1.0
1620.0,0.015625,-4.042198674546348E-15,1620.0,0.0,0.0,0.3338760313945465,1.0,0.0,0.0,0.262,1620.0,-1.0
1630.0,0.015625,-4.042198674546348E-15,1630.0,0.0,0.0,0.33346353193584416,1.0,0.0,0.0,0.263,1630.0,-1.0
1640.0,0.015625,-4.042198674546348E-15,1640.0,0.0,0.0,0.3337695581287032,1.0,0.0,0.0,0.264,1640.0,-1.0
1650.0,0.015625,-4.042198674546348E-15,1650.0,0.0,0.0,0.33336307492040634,1.0,0.0,0.0,0.265,1650.0,-1.0
1660.0,0.015625,-4.042198674546348E-15,1660.0,0.0,0.0,0.3336649043052329,1.0,0.0,0.0,0.266,1660.0,-1.0
1670.0,0.015625,-4.042198674546348E-15,1670.0,0.0,0.0,0.3339642226125958,1.0,0.0,0.0,0.267,1670.0,-1.0
1680.0,0.015625,-4.042198674546348E-15,1680.0,0.0,0.0,0.33356596811854894,1.0,0.0,0.0,0.268,1680.0,-1.0
1690.0,0.015625,-4.042198674546348E-15,1690.0,0.0,0.0,0.333515764598345,1.0,0.0,0.0,0.269,1690.0,-1.0
1700.0,0.015625,-4.042198674546348E-15,1700.0,0.0,0.0,0.33312075579727,1.0,0.0,0.0,0.27,1700.0,-1.0
1710.0,0.015625,-4.042198674546348E-15,1710.0,0.0,0.0,0.33307053268298464,1.0,0.0,0.0,0.271,1710.0,-1.0
1720.0,0.015625,-4.042198674546348E-15,1720.0,0.0,0.0,0.3330221285986102,1.0,0.0,0.0,0.272,1720.0,-1.0
1730.0,0.015625,-4.042198674546348E-15,1730.0,0.0,0.0,0.33365081537188124,1.0,0.0,0.0,0.273,1730.0,-1.0
1740.0,0.015625,-4.042198674546348E-15,1740.0,0.0,0.0,0.3336032922532026,1.0,0.0,0.0,0.274,1740.0,-1.0
1750.0,0.015625,-4.042198674546348E-15,1750.0,0.0,0.0,0.3342211407991286,1.0,0.0,0.0,0.275,1750.0,-1.0
1760.0,0.015625,-4.042198674546348E-15,1760.0,0.0,0.0,0.33417388923778857,1.0,0.0,0.0,0.276,1760.0,-1.0
1770.0,0.015625,-4.042198674546348E-15,1770.0,0.0,0.0,0.33511072655097335,1.0,0.0,0.0,0.277,1770.0,-1.0
1780.0,0.015625,-4.042198674546348E-15,1780.0,0.0,0.0,0.3353897478801571,1.0,0.0,0.0,0.278,1780.0,-1.0
1790.0,0.015625,-4.042198674546348E-15,1790.0,0.0,0.0,0.33502023580579343,1.0,0.0,0.0,0.279,1790.0,-1.0
1800.0,0.015625,-4.042198674546348E-15,1800.0,0.0,0.0,0.3346518871839282,1.0,0.0,0.0,0.28,1800.0,-1.0
1810.0,0.015625,-4.042198674546348E-15,1810.0,0.0,0.0,0.3346070395890281,1.0,0.0,0.0,0.281,1810.0,-1.0
1820.0,0.015625,-4.042198674546348E-15,1820.0,0.0,0.0,0.3351990763964086,1.0,0.0,0.0,0.28200000000000003,1820.0,-1.0
1830.0,0.015625,-4.042198674546348E-15,1830.0,0.0,0.0,0.33452048712587423,1.0,0.0,0.0,0.28300000000000003,1830.0,-1.0
1840.0,0.015625,-4.042198674546348E-15,1840.0,0.0,0.0,0.3338430223213727,1.0,0.0,0.0,0.28400000000000003,1840.0,-1.0
1850.0,0.015625,-4.042198674546348E-15,1850.0,0.0,0.0,0.33411282370218237,1.0,0.0,0.0,0.28500000000000003,1850.0,-1.0
1860.0,0.015625,-4.042198674546348E-15,1860.0,0.0,0.0,0.3340693955575077,1.0,0.0,0.0,0.28600000000000003,1860.0,-1.0
1870.0,0.015625,-4.042198674546348E-15,1870.0,0.0,0.0,0.33402542654191414,1.0,0.0,0.0,0.28700000000000003,1870.0,-1.0
1880.0,0.015625,-4.042198674546348E-15,1880.0,0.0,0.0,0.33429224935885493,1.0,0.0,0.0,0.28800000000000003,1880.0,-1.0
1890.0,0.015625,-4.042198674546348E-15,1890.0,0.0,0.0,0.3345575787534226,1.0,0.0,0.0,0.28900000000000003,1890.0,-1.0
1900.0,0.015625,-4.042198674546348E-15,1900.0,0.0,0.0,0.3357336346129328,1.0,0.0,0.0,0.29000000000000004,1900.0,-1.0
1910.0,0.015625,-4.042198674546348E-15,1910.0,0.0,0.0,0.3356914440938404,1.0,0.0,0.0,0.29100000000000004,1910.0,-1.0
1920.0,0.015625,-4.042198674546348E-15,1920.0,0.0,0.0,0.3359491596193814,1.0,0.0,0.0,0.29200000000000004,1920.0,-1.0
1930.0,0.015625,-4.042198674546348E-15,1930.0,0.0,0.0,0.3359077999800014,1.0,0.0,0.0,0.29300000000000004,1930.0,-1.0
1940.0,0.015625,-4.042198674546348E-15,1940.0,0.0,0.0,0.33586634959096934,1.0,0.0,0.0,0.29400000000000004,1940.0,-1.0
1950.0,0.015625,-4.042198674546348E-15,1950.0,0.0,0.0,0.33582572189711984,1.0,0.0,0.0,0.29500000000000004,1950.0,-1.0
1960.0,0.015625,-4.042198674546348E-15,1960.0,0.0,0.0,0.33578395180876147,1.0,0.0,0.0,0.29600000000000004,1960.0,-1.0
1970.0,0.015625,-4.042198674546348E-15,1970.0,0.0,0.0,0.3357430025286414,1.0,0.0,0.0,0.29700000000000004,1970.0,-1.0
1980.0,0.015625,-4.042198674546348E-15,1980.0,0.0,0.0,0.33628400400868785,1.0,0.0,0.0,0.29800000000000004,1980.0,-1.0
1990.0,0.015625,-4.042198674546348E-15,1990.0,0.0,0.0,0.3365322345330889,1.0,0.0,0.0,0.29900000000000004,1990.0,-1.0
2000.0,0.015625,-4.042198674546348E-15,2000.0,0.0,0.0,0.3370659520746582,1.0,0.0,0.0,0.30000000000000004,2000.0,-1.0
2010.0,0.015625,-4.042198674546348E-15,2010.0,0.0,0.0,0.3373096687123549,1.0,0.0,0.0,0.30100000000000005,2010.0,-1.0
2020.0,0.015625,-4.042198674546348E-15,2020.0,0.0,0.0,0.337552506397965,1.0,0.0,0.0,0.30200000000000005,2020.0,-1.0
2030.0,0.015625,-4.042198674546348E-15,2030.0,0.0,0.0,0.3377950136418877,1.0,0.0,0.0,0.30300000000000005,2030.0,-1.0
2040.0,0.015625,-4.042198674546348E-15,2040.0,0.0,0.0,0.33803457637757206,1.0,0.0,0.0,0.30400000000000005,2040.0,-1.0
2050.0,0.015625,-4.042198674546348E-15,2050.0,0.0,0.0,0.33854919425789715,1.0,0.0,0.0,0.30500000000000005,2050.0,-1.0
2060.0,0.015625,-4.042198674546348E-15,2060.0,0.0,0.0,0.33851083051040315,1.0,0.0,0.0,0.30600000000000005,2060.0,-1.0
2070.0,0.015625,-4.042198674546348E-15,2070.0,0.0,0.0,0.3387458030553276,1.0,0.0,0.0,0.30700000000000005,2070.0,-1.0
2080.0,0.015625,-4.042198674546348E-15,2080.0,0.0,0.0,0.33870697539555716,1.0,0.0,0.0,0.308,2080.0,-1.0
2090.0,0.015625,-4.042198674546348E-15,2090.0,0.0,0.0,0.3383982945439004,1.0,0.0,0.0,0.309,2090.0,-1.0
2100.0,0.015625,-4.042198674546348E-15,2100.0,0.0,0.0,0.33836002645542707,1.0,0.0,0.0,0.31,2100.0,-1.0
2110.0,0.015625,-4.042198674546348E-15,2110.0,0.0,0.0,0.33912659174345017,1.0,0.0,0.0,0.311,2110.0,-1.0
2120.0,0.015625,-4.042198674546348E-15,2120.0,0.0,0.0,0.33882254032365194,1.0,0.0,0.0,0.312,2120.0,-1.0
2130.0,0.015625,-4.042198674546348E-15,2130.0,0.0,0.0,0.3387849094847807,1.0,0.0,0.0,0.313,2130.0,-1.0
2140.0,0.015625,-4.042198674546348E-15,2140.0,0.0,0.0,0.33901132428880587,1.0,0.0,0.0,0.314,2140.0,-1.0
2150.0,0.015625,-4.042198674546348E-15,2150.0,0.0,0.0,0.34028249133464705,1.0,0.0,0.0,0.315,2150.0,-1.0
2160.0,0.015625,-4.042198674546348E-15,2160.0,0.0,0.0,0.34050520621893854,1.0,0.0,0.0,0.316,2160.0,-1.0
2170.0,0.015625,-4.042198674546348E-15,2170.0,0.0,0.0,0.34046829860685274,1.0,0.0,0.0,0.317,2170.0,-1.0
2180.0,0.015625,-4.042198674546348E-15,2180.0,0.0,0.0,0.3409442669777925,1.0,0.0,0.0,0.318,2180.0,-1.0
2190.0,0.015625,-4.042198674546348E-15,2190.0,0.0,0.0,0.34141745115647765,1.0,0.0,0.0,0.319,2190.0,-1.0
2200.0,0.015625,-4.042198674546348E-15,2200.0,0.0,0.0,0.3418867221915851,1.0,0.0,0.0,0.32,2200.0,-1.0
2210.0,0.015625,-4.042198674546348E-15,2210.0,0.0,0.0,0.3421028180571448,1.0,0.0,0.0,0.321,2210.0,-1.0
2220.0,0.015625,-4.042198674546348E-15,2220.0,0.0,0.0,0.34256546704966,1.0,0.0,0.0,0.322,2220.0,-1.0
2230.0,0.015625,-4.042198674546348E-15,2230.0,0.0,0.0,0.34277771854374495,1.0,0.0,0.0,0.323,2230.0,-1.0
2240.0,0.015625,-4.042198674546348E-15,2240.0,0.0,0.0,0.34298933640214624,1.0,0.0,0.0,0.324,2240.0,-1.0
2250.0,0.015625,-4.042198674546348E-15,2250.0,0.0,0.0,0.34319955355964527,1.0,0.0,0.0,0.325,2250.0,-1.0
2260.0,0.015625,-4.042198674546348E-15,2260.0,0.0,0.0,0.3431645529916822,1.0,0.0,0.0,0.326,2260.0,-1.0
2270.0,0.015625,-4.042198674546348E-15,2270.0,0.0,0.0,0.34337209640530963,1.0,0.0,0.0,0.327,2270.0,-1.0
2280.0,0.015625,-4.042198674546348E-15,2280.0,0.0,0.0,0.34381886858628724,1.0,0.0,0.0,0.328,2280.0,-1.0
2290.0,0.015625,-4.042198674546348E-15,2290.0,0.0,0.0,0.3437840804902739,1.0,0.0,0.0,0.329,2290.0,-1.0
2300.0,0.015625,-4.042198674546348E-15,2300.0,0.0,0.0,0.3439881201728331,1.0,0.0,0.0,0.33,2300.0,-1.0
2310.0,0.015625,-4.042198674546348E-15,2310.0,0.0,0.0,0.34419053255009835,1.0,0.0,0.0,0.331,2310.0,-1.0
2320.0,0.015625,-4.042198674546348E-15,2320.0,0.0,0.0,0.34391925654579225,1.0,0.0,0.0,0.332,2320.0,-1.0
2330.0,0.015625,-4.042198674546348E-15,2330.0,0.0,0.0,0.34435461856133465,1.0,0.0,0.0,0.333,2330.0,-1.0
2340.0,0.015625,-4.042198674546348E-15,2340.0,0.0,0.0,0.3454854450261222,1.0,0.0,0.0,0.334,2340.0,-1.0
2350.0,0.015625,-4.042198674546348E-15,2350.0,0.0,0.0,0.3456815555374946,1.0,0.0,0.0,0.335,2350.0,-1.0
2360.0,0.015625,-4.042198674546348E-15,2360.0,0.0,0.0,0.34518681877237495,1.0,0.0,0.0,0.336,2360.0,-1.0
2370.0,0.015625,-4.042198674546348E-15,2370.0,0.0,0.0,0.3460684001340558,1.0,0.0,0.0,0.337,2370.0,-1.0
2380.0,0.015625,-4.042198674546348E-15,2380.0,0.0,0.0,0.3464886544716511,1.0,0.0,0.0,0.338,2380.0,-1.0
2390.0,0.015625,-4.042198674546348E-15,2390.0,0.0,0.0,0.34690608166842307,1.0,0.0,0.0,0.339,2390.0,-1.0
2400.0,0.015625,-4.042198674546348E-15,2400.0,0.0,0.0,0.3470969947373804,1.0,0.0,0.0,0.34,2400.0,-1.0
2410.0,0.015625,-4.042198674546348E-15,2410.0,0.0,0.0,0.34706371111015777,1.0,0.0,0.0,0.341,2410.0,-1.0
2420.0,0.015625,-4.042198674546348E-15,2420.0,0.0,0.0,0.3468073066405261,1.0,0.0,0.0,0.342,2420.0,-1.0
2430.0,0.015625,-4.042198674546348E-15,2430.0,0.0,0.0,0.34699562129210504,1.0,0.0,0.0,0.343,2430.0,-1.0
2440.0,0.015625,-4.042198674546348E-15,2440.0,0.0,0.0,0.3471829441883135,1.0,0.0,0.0,0.34400000000000003,2440.0,-1.0
2450.0,0.015625,-4.042198674546348E-15,2450.0,0.0,0.0,0.34736928325819677,1.0,0.0,0.0,0.34500000000000003,2450.0,-1.0
2460.0,0.015625,-4.042198674546348E-15,2460.0,0.0,0.0,0.34777218458769443,1.0,0.0,0.0,0.34600000000000003,2460.0,-1.0
2470.0,0.015625,-4.042198674546348E-15,2470.0,0.0,0.0,0.3479560014413304,1.0,0.0,0.0,0.34700000000000003,2470.0,-1.0
2480.0,0.015625,-4.042198674546348E-15,2480.0,0.0,0.0,0.34835466399020726,1.0,0.0,0.0,0.34800000000000003,2480.0,-1.0
2490.0,0.015625,-4.042198674546348E-15,2490.0,0.0,0.0,0.3485358349276658,1.0,0.0,0.0,0.349,2490.0,-1.0
2500.0,0.015625,-4.042198674546348E-15,2500.0,0.0,0.0,0.3493547307501638,1.0,0.0,0.0,0.35,2500.0,-1.0
2510.0,0.015625,-4.042198674546348E-15,2510.0,0.0,0.0,0.3497443640338681,1.0,0.0,0.0,0.351,2510.0,-1.0
2520.0,0.015625,-4.042198674546348E-15,2520.0,0.0,0.0,0.3503409692725167,1.0,0.0,0.0,0.352,2520.0,-1.0
2530.0,0.015625,-4.042198674546348E-15,2530.0,1.0,0.0,0.3505166751170503,1.0,1529.0,1.0,0.353,2530.0,-1.0
2540.0,0.015625,-4.042198674546348E-15,2540.0,1.0,0.0,0.35053074650093424,1.0,1529.0,1.0,0.354,2540.0,-1.0
2550.0,0.015625,-4.042198674546348E-15,2550.0,1.0,0.0,0.3505442039658888,1.0,1529.0,1.0,0.355,2550.0,-1.0
2560.0,0.015625,-4.042198674546348E-15,2560.0,1.0,0.0,0.35131779137769115,1.0,1529.0,1.0,0.356,2560.0,-1.0
2570.0,0.015625,-4.042198674546348E-15,2570.0,1.0,0.0,0.3518971351215198,1.0,1529.0,1.0,0.357,2570.0,-1.0
2580.0,0.015625,-4.042198674546348E-15,2580.0,1.0,0.0,0.35228582623517074,1.0,1529.0,1.0,0.358,2580.0,-1.0
2590.0,0.015625,-4.042198674546348E-15,2590.0,1.0,0.0,0.35285753510686313,1.0,1529.0,1.0,0.359,2590.0,-1.0
2600.0,0.015625,-4.042198674546348E-15,2600.0,1.0,0.0,0.3532418610776133,1.0,1529.0,1.0,0.36,2600.0,-1.0
2610.0,0.015625,-4.042198674546348E-15,2610.0,1.0,0.0,0.3532602748776477,1.0,1529.0,1.0,0.361,2610.0,-1.0
2620.0,0.015625,-4.042198674546348E-15,2620.0,1.0,0.0,0.3536389972010232,1.0,1529.0,1.0,0.362,2620.0,-1.0
2630.0,0.015625,-4.042198674546348E-15,2630.0,1.0,0.0,0.35419547965835163,1.0,1529.0,1.0,0.363,2630.0,-1.0
2640.0,0.015625,-4.042198674546348E-15,2640.0,1.0,0.0,0.3543925694589431,1.0,1529.0,1.0,0.364,2640.0,-1.0
2650.0,0.015625,-4.042198674546348E-15,2650.0,1.0,0.0,0.3547657599382932,1.0,1529.0,1.0,0.365,2650.0,-1.0
2660.0,0.015625,-4.042198674546348E-15,2660.0,2.0,0.0,0.35514659378626884,1.0,1529.0,1.0,0.366,2660.0,-1.0
2670.0,0.015625,-4.042198674546348E-15,2670.0,2.0,0.0,0.35552606114071833,1.0,1529.0,1.0,0.367,2670.0,-1.0
2680.0,0.015625,-4.042198674546348E-15,2680.0,2.0,0.0,0.3555751113864468,1.0,1529.0,1.0,0.368,2680.0,-1.0
2690.0,0.015625,-4.042198674546348E-15,2690.0,2.0,0.0,0.3559490745246423,1.0,1529.0,1.0,0.369,2690.0,-1.0
2700.0,0.015625,-4.042198674546348E-15,2700.0,2.0,0.0,0.35583383653001854,1.0,1529.0,1.0,0.37,2700.0,-1.0
2710.0,0.015625,-4.042198674546348E-15,2710.0,2.0,0.0,0.35636663223638,1.0,1529.0,1.0,0.371,2710.0,-1.0
2720.0,0.015625,-4.042198674546348E-15,2720.0,2.0,0.0,0.35657384616567706,1.0,1529.0,1.0,0.372,2720.0,-1.0
2730.0,0.015625,-4.042198674546348E-15,2730.0,2.0,0.0,0.35678017042546717,1.0,1529.0,1.0,0.373,2730.0,-1.0
2740.0,0.015625,-4.042198674546348E-15,2740.0,2.0,0.0,0.35714488380635917,1.0,1529.0,1.0,0.374,2740.0,-1.0
2750.0,0.015625,-4.042198674546348E-15,2750.0,2.0,0.0,0.3573490855740044,1.0,1529.0,1.0,0.375,2750.0,-1.0
2760.0,0.015625,-4.042198674546348E-15,2760.0,2.0,0.0,0.35739370515976604,1.0,1529.0,1.0,0.376,2760.0,-1.0
2770.0,0.015625,-4.042198674546348E-15,2770.0,2.0,0.0,0.3579091901028023,1.0,1529.0,1.0,0.377,2770.0,-1.0
2780.0,0.015625,-4.042198674546348E-15,2780.0,2.0,0.0,0.3582655602065184,1.0,1529.0,1.0,0.378,2780.0,-1.0
2790.0,0.015625,-4.042198674546348E-15,2790.0,2.0,0.0,0.3579987168202951,1.0,1529.0,1.0,0.379,2790.0,-1.0
2800.0,0.015625,-4.042198674546348E-15,2800.0,2.0,0.0,0.3580397333306087,1.0,1529.0,1.0,0.38,2800.0,-1.0
2810.0,0.015625,-4.042198674546348E-15,2810.0,2.0,0.0,0.35808011621612446,1.0,1529.0,1.0,0.381,2810.0,-1.0
2820.0,0.015625,-4.042198674546348E-15,2820.0,2.0,0.0,0.35811876931856884,1.0,1529.0,1.0,0.382,2820.0,-1.0
2830.0,0.015625,-4.042198674546348E-15,2830.0,2.0,0.0,0.35862033817455713,1.0,1529.0,1.0,0.383,2830.0,-1.0
2840.0,0.015625,-4.042198674546348E-15,2840.0,2.0,0.0,0.3594233977105494,1.0,1529.0,1.0,0.384,2840.0,-1.0
2850.0,0.015625,-4.042198674546348E-15,2850.0,2.0,0.0,0.35946411059914035,1.0,1529.0,1.0,0.385,2850.0,-1.0
2860.0,0.015625,-4.042198674546348E-15,2860.0,2.0,0.0,0.3595041709698272,1.0,1529.0,1.0,0.386,2860.0,-1.0
2870.0,0.015625,-4.042198674546348E-15,2870.0,2.0,0.0,0.36029298961524203,1.0,1529.0,1.0,0.387,2870.0,-1.0
2880.0,0.015625,-4.042198674546348E-15,2880.0,2.0,0.0,0.360778765581883,1.0,1529.0,1.0,0.388,2880.0,-1.0
2890.0,0.015625,-4.042198674546348E-15,2890.0,2.0,0.0,0.3615524727281576,1.0,1529.0,1.0,0.389,2890.0,-1.0
2900.0,0.015625,-4.042198674546348E-15,2900.0,2.0,0.0,0.3623173323666268,1.0,1529.0,1.0,0.39,2900.0,-1.0
2910.0,0.015625,-4.042198674546348E-15,2910.0,2.0,0.0,0.36264914156215733,1.0,1529.0,1.0,0.391,2910.0,-1.0
2920.0,0.015625,-4.042198674546348E-15,2920.0,3.0,0.0,0.36284450258340734,1.0,1529.0,1.0,0.392,2920.0,-1.0
2930.0,0.015625,-4.042198674546348E-15,2930.0,3.0,0.0,0.3633136573858842,1.0,1529.0,1.0,0.393,2930.0,-1.0
2940.0,0.015625,-4.042198674546348E-15,2940.0,3.0,0.0,0.36338026032523557,1.0,1529.0,1.0,0.394,2940.0,-1.0
2950.0,0.015625,-4.042198674546348E-15,2950.0,3.0,0.0,0.3634440474657424,1.0,1529.0,1.0,0.395,2950.0,-1.0
2960.0,0.015625,-4.042198674546348E-15,2960.0,3.0,0.0,0.36364051551442755,1.0,1529.0,1.0,0.396,2960.0,-1.0
2970.0,0.015625,-4.042198674546348E-15,2970.0,3.0,0.0,0.36396818328850555,1.0,1529.0,1.0,0.397,2970.0,-1.0
2980.0,0.015625,-4.042198674546348E-15,2980.0,3.0,0.0,0.36429363815026156,1.0,1529.0,1.0,0.398,2980.0,-1.0
2990.0,0.015625,-4.042198674546348E-15,2990.0,3.0,0.0,0.36526515552356276,1.0,1529.0,1.0,0.399,2990.0,-1.0
3000.0,0.015625,-4.042198674546348E-15,3000.0,3.0,0.0,0.365714625470235,1.0,1529.0,1.0,0.4,3000.0,-1.0
